상품ID,상품명,업소명,카테고리,검색키워드(주요원료),관련_증상,신고번호,등록일자,소비기한,성상,섭취량_섭취방법,섭취시주의사항,기능성_내용,신고번호_상세조회URL,데이터출처
P001,뉴메릿 비타민C&D 메가,(주)푸드어셈블,비타민,비타민 C,피로,2025001237116,2026-07-08,제조일로부터 24개월,"고유의 향미가 있고 이미, 이취가 없는 하양색의 입자성이 없는 분말","1일1회 , 1회 1포(2.1g)를 물과 함께 섭취하십시오",1. 고칼슘혈증이 있거나 의약품 복용 시 전문가와 상담할 것 / 2. 이상사례 발생 시 섭취를 중단하고 전문가와 상담할 것 / 3. 과량 섭취하지 않도록 주의할 것 / 4. 신장질환이 있는 경우 섭취 전 전문가와 상담할 것,[비타민C] / (1) 결합조직 형성과 기능유지에 필요 / (2) 철의 흡수에 필요 / (3) 항산화 작용을 하여 유해산소로부터 세포를 보호하는데 필요 / [비타민D] / (1) 칼슘과 인이 흡수되고 이용되는데 필요 / (2) 뼈의 형성과 유지에 필요 / (3) 골다공증발생 위험 감소에 도움을 줌,https://www.foodsafetykorea.go.kr/portal/healthyfoodlife/searchHomeHFDetail.do?prdlstReportLedgNo=2026021000266838,식품안전나라(foodsafetykorea.go.kr) 건강기능식품 검색
P002,뉴메릿 비타민C&D 듀얼 메가,(주)푸드어셈블,비타민,비타민 C,피로,2025001237117,2026-07-08,제조일로부터 24개월,"고유의 향미가 있고 이미, 이취가 없는 하양색 분말","1일 1회 , 1회 1포(3.2g)를 물과 함께 섭취하십시오.",➀ 고칼슘혈증이 있거나 의약품 복용 시 전문가와 상담할 것 / ➁ 이상사례 발생 시 섭취를 중단하고 전문가와 상담할 것 / ➂ 과량 섭취하지 않도록 주의할 것 / ➃ 신장질환이 있는 경우 섭취 전 전문가와 상담할 것,[비타민C] / (1) 결합조직 형성과 기능유지에 필요 / (2) 철의 흡수에 필요 / (3) 항산화 작용을 하여 유해산소로부터 세포를 보호하는데 필요 / [비타민D] / (1) 칼슘과 인이 흡수되고 이용되는데 필요 / (2) 뼈의 형성과 유지에 필요 / (3) 골다공증발생 위험 감소에 도움을 줌,https://www.foodsafetykorea.go.kr/portal/healthyfoodlife/searchHomeHFDetail.do?prdlstReportLedgNo=2026021000266839,식품안전나라(foodsafetykorea.go.kr) 건강기능식품 검색
P003,마이니 뼈건강 칼슘 마그네슘 비타민D,주식회사 노바렉스,비타민,비타민 D,골 건강,200400200083446,2026-07-09,제조일로부터 24개월,고유의 향미가 있고 이미·이취가 없는 점박이를 포함한 흰색의 흰색 장방형 제피 정제,"1일 1회, 1회 1정을 물과 함께 섭취하십시오.","특정질환, 특이체질, 알레르기체질, 임산부의 경우에는 간혹 개인에 따라 과민반응이 나타날 수 있으므로 원료를 확인하시고, 섭취전에 전문가와 상담하시기 바랍니다. / 제품 개봉 또는 섭취 시 포장재에 의해 다칠 우려가 있으니 주의하시기 바랍니다. / 이상사례 발생 시 섭취를 중단하고 전문가와 상담할 것 / [비타민 D] 고칼슘혈증이 있거나 의약품 복용 시 전문가와 상담할 것","[칼슘] 뼈와 치아 형성에 필요, 신경과 근육 기능 유지에 필요, 정상적인 혈액응고에 필요, 골다공증발생 위험 감소에 도움을 줌 / [마그네슘] 에너지 이용에 필요, 신경과 근육 기능 유지에 필요 / [비타민 D] 칼슘과 인이 흡수되고 이용되는데 필요, 뼈의 형성과 유지에 필요, 골다공증발생 위험 감소에 도움을 줌",https://www.foodsafetykorea.go.kr/portal/healthyfoodlife/searchHomeHFDetail.do?prdlstReportLedgNo=2026021000269145,식품안전나라(foodsafetykorea.go.kr) 건강기능식품 검색
P004,이지맘 비타민D,(주)비오팜2공장,비타민,비타민 D,골 건강,2024002023371,2026-07-08,제조일로부터 24개월,"고유의 향미가 있고 이미, 이취가 없는 연한 노랑색의 내용물을 함유한 투명한 타원형 연질캡슐","1일 1회, 1회 1캡슐을 물과 함께 섭취하십시오.",- 고칼슘혈증이 있거나 의약품 복용 시 전문가와 상담할 것 / - 이상사례 발생 시 섭취를 중단하고 전문가와 상담할 것 / /,[비타민D] (가) 칼슘과 인이 흡수되고 이용되는데 필요 (나) 뼈의 형성과 유지에 필요 (다)골다공증발생 위험 감소에 도움을 줌 / [비타민E] (가) 항산화 작용을 하여 유해산소로부터 세포를 보호하는데 필요,https://www.foodsafetykorea.go.kr/portal/healthyfoodlife/searchHomeHFDetail.do?prdlstReportLedgNo=2026021000267074,식품안전나라(foodsafetykorea.go.kr) 건강기능식품 검색
P005,오메가 비타민E 미니,코스맥스바이오(주),비타민,비타민 E,노화,200400200024068,2026-05-08,제조일로부터 2년,"고유의 향미가 있고 이미, 이취가 없는 연한 노란색의 내용물을 함유한 투명한 타원형 연질캡슐","1일 2회, 1회 5캡슐을 충분한 물과 함께 섭취하십시오. 1일 1회, 1회 10캡슐을 충분한 물과 함께 섭취하십시오.","섭취 시 목에 걸릴 수 있으므로 반드시 물과 함께 섭취하십시오. / 섭취 시 위장장애, 소화불량의 증상이 있을 경우 섭취를 중단하십시오. / 개인의 신체 상태에 따라 이상 증상이 생길 경우 섭취를 중단하십시오. / 섭취 전 제품에 이상이 있는 경우 섭취를 금하십시오. / 특정 원료 성분에 알레르기 체질은 원료 성분을 확인 후 섭취하십시오. / 의약품(항응고제, 항혈소판제, 혈압강하제 등) 복용 시 전문가와 상담하십시오. / 개인에 따라 피부 관련 이상반응이 발생할 수 있습니다. / 이상사례 발생 시 섭취를 중단하고 전문가와 상담하십시오.",1) EPA 및 DHA 함유 유지 : 혈중 중성지질 개선·혈행 개선·건조한 눈을 개선하여 눈 건강에 도움을 줄 수 있음. / 2) 비타민E : 항산화 작용을 하여 유해산소로부터 세포를 보호하는데 필요.,https://www.foodsafetykorea.go.kr/portal/healthyfoodlife/searchHomeHFDetail.do?prdlstReportLedgNo=2026021000178483,식품안전나라(foodsafetykorea.go.kr) 건강기능식품 검색
P006,백수원 비타민E 프리미엄,(주)유니쎌팜,비타민,비타민 E,노화,20040020028848,2026-04-10,제조일로부터 24개월,"고유의 향미가 있고 이미, 이취가 없는 연노랑색의 내용물을 함유한 투명한 타원형 연질캡슐","1일 2회, 1회 1캡슐을 충분한 물과 함께 섭취하십시오.",,항산화 작용을 하여 유해산소로부터 세포를 보호하는데 필요,https://www.foodsafetykorea.go.kr/portal/healthyfoodlife/searchHomeHFDetail.do?prdlstReportLedgNo=2026021000140382,식품안전나라(foodsafetykorea.go.kr) 건강기능식품 검색
P007,VIKPRO 루테인 연질캡슐 VIKPRO Lutein soft capsule,코스맥스엔비티(주),기능성 원료,루테인,눈 피로,200700170353237,2026-07-09,제조일로부터 24개월,"고유의 향미가 있고 이미, 이취가 없는 어두운 회적색의 내용물을 함유한 노란갈색의 타원형 연질캡슐","1일 1회, 1회 1캡슐을 물과 함께 섭취하십시오.","[비타민 B12] / 이상사례 발생 시 섭취를 중단하고 전문가와 상담할 것 / / [비타민 C] / 과량 섭취하지 않도록 주의할 것 / 신장질환이 있는 경우 섭취 전 전문가와 상담할 것 / 이상사례 발생 시 섭취를 중단하고 전문가와 상담할 것 / / [마리골드꽃추출물] / 영‧유아, 어린이, 임산부 및 수유부는 섭취를 피할 것 / 흡연자는 섭취 시 전문가와 상담할 것 / 과다 섭취 시 일시적으로 피부가 황색으로 변할 수 있음 / 이상사례 발생 시 섭취를 중단하고 전문가와 상담할 것",[비타민 A] / 어두운 곳에서 시각 적응을 위해 필요 / 피부와 점막을 형성하고 기능을 유지하는데 필요 / 상피세포의 성장과 발달에 필요 / / [비타민 E] / 항산화 작용을 하여 유해산소로부터 세포를 보호하는데 필요 / / [비타민 B12] / 정상적인 엽산 대사에 필요 / / [비타민 C] / 결합조직 형성과 기능유지에 필요 / 철의 흡수에 필요 / 항산화 작용을 하여 유해산소로부터 세포를 보호하는데 필요 / / [아연] / 정상적인 면역기능에 필요 / 정상적인 세포분열에 필요 / / [셀레늄(또는 셀렌)] / 유해산소로부터 세포를 보호하는데 필요 / / [마리골드꽃추출물] / 노화로 인해 감소될 수 있는 황반색소밀도를 유지하여 눈건강에 도움을 줄 수 있음,https://www.foodsafetykorea.go.kr/portal/healthyfoodlife/searchHomeHFDetail.do?prdlstReportLedgNo=2026021000269389,식품안전나라(foodsafetykorea.go.kr) 건강기능식품 검색
P008,튼튼닷컴 루테인지아잔틴 아스타잔틴,주식회사 노바렉스2공장,기능성 원료,루테인,눈 피로,200600200081447,2026-07-08,제조일로부터 24개월,고유의 향미가 있고 이미·이취가 없는 진한 적갈색의 점도가 있는 내용물을 함유한 빨강의 타원형 연질캡슐,"1일 1회, 1회 1캡슐을 물과 함께 섭취하십시오.","특정질환, 특이체질, 알레르기체질, 임산부의 경우에는 간혹 개인에 따라 과민반응이 나타날 수 있으므로 원료를 확인하시고, 섭취전에 전문가와 상담하시기 바랍니다. / 제품 개봉 또는 섭취 시 포장재에 의해 다칠 우려가 있으니 주의하시기 바랍니다. / 이상사례 발생 시 섭취를 중단하고 전문가와 상담할 것 / [마리골드꽃추출물(지아잔틴함유)(제2025-7호)] / 영·유아, 어린이, 임산부 및 수유부는 섭취를 피할 것 / 흡연자는 섭취 시 전문가와 상담할 것 / 과다 섭취 시 일시적으로 피부가 황색으로 변할 수 있음 / [헤마토코쿠스 추출물] / 과다 섭취 시 일시적으로 피부가 황색으로 변할 수 있음 / β-카로틴의 흡수를 저해할 수 있음 / [베타카로틴] 흡연자는 섭취 시 전문가와 상담할 것","[마리골드꽃추출물(지아잔틴함유)(제2025-7호)] 노화로 인해 감소될 수 있는 황반색소밀도를 유지하여 눈 건강에 도움을 줄 수 있음 / [헤마토코쿠스 추출물] 눈의 피로도 개선에 도움을 줄 수 있음 / [아연] 정상적인 면역기능에 필요, 정상적인 세포분열에 필요 / [비타민 E] 항산화 작용을 하여 유해산소로부터 세포를 보호하는데 필요 / [베타카로틴] 어두운 곳에서 시각 적응을 위해 필요, 피부와 점막을 형성하고 기능을 유지하는데 필요, 상피세포의 성장과 발달에 필요 / [비타민 A] 어두운 곳에서 시각 적응을 위해 필요, 피부와 점막을 형성하고 기능을 유지하는데 필요, 상피세포의 성장과 발달에 필요",https://www.foodsafetykorea.go.kr/portal/healthyfoodlife/searchHomeHFDetail.do?prdlstReportLedgNo=2026021000267089,식품안전나라(foodsafetykorea.go.kr) 건강기능식품 검색
P009,오메도스 오메가3 EPA DHA 1500 초임계 알티지,(주)한풍네이처팜,기능성 원료,오메가3(EPA/DHA),혈액순환,201200190071261,2026-07-10,제조일로부터 36개월까지,"고유의 향미가 있고 이미, 이취가 없으며 노란 하얀색의 내용물이 함유된 투명한 장방형 연질캡슐","1일 1회, 1회 2캡슐을 물과 함께 섭취하십시오.","특이체질, 알레르기 체질의 경우에는 간혹 개인에 따라 과민반응을 나타낼 수 있으므로 원료를 확인한 후 섭취하십시오. / 소비기한을 확인하시기 바라며, 섭취량 및 섭취방법을 준수하시기 바랍니다. / 의약품(항응고제, 항혈소판제, 혈압강하제 등) 복용 시 전문가와 상담하십시오. / 개인에 따라 피부 관련 이상반응이 발생할 수 있습니다. / 이상사례 발생 시 섭취를 중단하고 전문가와 상담하십시오","[EPA 및 DHA 함유 유지] 혈중 중성지질 개선, 혈행 개선, 기억력 개선, 건조한 눈을 개선하여 눈 건강에 도움을 줄 수 있음 / [비타민E] 항산화 작용을 하여 유해산소로부터 세포를 보호하는데 필요",https://www.foodsafetykorea.go.kr/portal/healthyfoodlife/searchHomeHFDetail.do?prdlstReportLedgNo=2026021000271292,식품안전나라(foodsafetykorea.go.kr) 건강기능식품 검색
P010,알티지(rTG) 오메가3 맥스,광동헬스바이오(주) 2공장,기능성 원료,오메가3(EPA/DHA),혈액순환,200400200142182,2026-07-08,제조일로부터 24개월,고유의 향미가 있고 이미·이취가 없는 투명한 노란색의 내용물을 함유한 투명한 타원형 연질캡슐,"1일 1회, 1회 2캡슐을 충분한 물과 함께 섭취하십시오.","[EPA 및 DHA 함유 유지] / (1) 의약품(항응고제, 항혈소판제, 혈압강하제 등) 복용 시 전문가와 상담할 것 / (2) 개인에 따라 피부 관련 이상반응이 발생할 수 있음 / (3) 이상사례 발생 시 섭취를 중단하고 전문가와 상담할 것",[EPA 및 DHA 함유 유지] / (1) 혈중 중성지질 개선·혈행 개선·건조한 눈을 개선하여 눈 건강에 도움을 줄 수 있음,https://www.foodsafetykorea.go.kr/portal/healthyfoodlife/searchHomeHFDetail.do?prdlstReportLedgNo=2026021000266827,식품안전나라(foodsafetykorea.go.kr) 건강기능식품 검색
P011,아이오웰 스킨 프로바이오틱스 HY7714,(주)서흥헬스케어 2공장,기능성 원료,프로바이오틱스,변비,20180012056119,2026-07-10,제조일로부터 18개월,"고유의 향미가 있고 이미, 이취가 없는 흰 노란색의 내용물을 함유한 하얀색의 경질캡슐","1일 1회, 1회 1캡슐을 충분한 물과 함께 섭취하십시오.","(1) 영·유아, 어린이, 임산부 및 수유부는 섭취에 주의 / (2) 특정질환(알레르기 체질 등)이 있는 분은 섭취에 주의 / (3) 이상사례 발생 시 섭취를 중단하고 전문가와 상담할 것","프로바이오틱스 HY7714(제2015-1호) : (국문) (1) 피부 보습에 도움을 줄 수 있음 (2) 자외선에 의한 피부손상으로부터 피부 건강 유지에 도움을 줄 수 있음 (3) 유산균 증식 및 유해균 억제·배변활동 원활·장 건강에 도움을 줄 수 있음, (영문) (1) May help to moisturize (dry) skin (2) May help to maintain skin health from skin damage by UV / 셀레늄 : 유해산소로부터 세포를 보호하는데 필요 / 아연 : (1) 정상적인 면역기능에 필요 (2) 정상적인 세포분열에 필요 / 비타민A : (1) 어두운 곳에서 시각 적응을 위해 필요 (2) 피부와 점막을 형성하고 기능을 유지하는데 필요 (3) 상피세포의 성장과 발달에 필요",https://www.foodsafetykorea.go.kr/portal/healthyfoodlife/searchHomeHFDetail.do?prdlstReportLedgNo=2026021000270894,식품안전나라(foodsafetykorea.go.kr) 건강기능식품 검색
P012,유한m 혈당&프로바이오틱스,(주)뉴팜,기능성 원료,프로바이오틱스,변비,20040017014680,2026-07-10,제조일로부터 24개월,고유의 향미가 있고 이미·이취가 없는 보라빛 하얀색의 분말,"1일 1회, 1회 1포를 직접 또는 물과 함께 섭취하십시오.","- 질환이 있거나 의약품 복용 시 전문가와 상담할 것 / - 알레르기 체질 등은 개인에 따라 과민반응을 나타낼 수 있음 / - 어린이가 함부로 섭취하지 않도록 일일섭취량 방법을 지도할 것 / - 이상사례 발생 시 섭취를 중단하고 전문가와 상담할 것 / - 어린이, 임산부 및 수유부는 섭취를 피할 것",[프로바이오틱스] 유산균 증식 및 유해균 억제·배변활동 원활·장 건강에 도움을 줄 수 있음 / [바나바잎 추출물] 식후 혈당상승 억제에 도움을 줄 수 있음,https://www.foodsafetykorea.go.kr/portal/healthyfoodlife/searchHomeHFDetail.do?prdlstReportLedgNo=2026021000271304,식품안전나라(foodsafetykorea.go.kr) 건강기능식품 검색
P013,리얼업 간에좋은 밀크씨슬11 실리마린 마스터,주)팜크로스,기능성 원료,밀크씨슬 추출물,간 피로,200400151101285,2026-07-10,제조일로부터 24개월,"고유의 향미가 있고 이미, 이취가 없는 연한황갈색의 장방형 제피정제","1일 1회, 1회 1정을 물과 함께 섭취하십시오","[밀크씨슬추출물] / 어린이, 임산부 및 수유부는 섭취를 피할 것 / 알레르기 반응이 나타나는 경우에는 섭취 중단 / 설사, 위통, 복부팽만 등의 위장관계 장애가 나타나는 경우에는 섭취에 주의 / 이상사례 발생 시 섭취를 중단하고 전문가와 상담할 것 / [비타민B1] 이상사례 발생 시 섭취를 중단하고 전문가와 상담할 것 / [비타민B2] 이상사례 발생 시 섭취를 중단하고 전문가와 상담할 것 / [판토텐산] 이상사례 발생 시 섭취를 중단하고 전문가와 상담할 것 / [비타민B6] 손발 따끔거림, 작열감 또는 저림 등의 이상사례 발생 시 섭취를 중단하고 전문가와 상담할 것 / [비오틴] 이상사례 발생 시 섭취를 중단하고 전문가와 상담할 것 / [비타민B12] 이상사례 발생 시 섭취를 중단하고 전문가와 상담할 것","[밀크씨슬추출물] 간 건강에 도움을 줄 수 있음 / [비타민B1] 탄수화물과 에너지 대사에 필요 / [비타민B2] 체내 에너지 생성에 필요 / [나이아신] 체내 에너지 생성에 필요 / [판토텐산] 지방, 탄수화물, 단백질 대사와 에너지 생성에 필요 / [비타민B6] 단백질 및 아미노산 이용에 필요, 혈액의 호모시스테인 수준을 정상으로 유지하는데 필요 / [엽산] 세포와 혈액생성에 필요, 태아 신경관의 정상 발달에 필요, 혈액의 호모시스테인 수준을 정상으로 유지하는데 필요 / [비오틴] 지방, 탄수화물, 단백질 대사와 에너지 생성에 필요 / [비타민B12] 정상적인 엽산 대사에 필요 / [아연] 정상적인 면역기능에 필요, 정상적인 세포분열에 필요 / [셀레늄] 유해산소로부터 세포를 보호하는데 필요",https://www.foodsafetykorea.go.kr/portal/healthyfoodlife/searchHomeHFDetail.do?prdlstReportLedgNo=2026021000270149,식품안전나라(foodsafetykorea.go.kr) 건강기능식품 검색
P014,간 건강 밀크씨슬,(주)한국씨엔에스팜,기능성 원료,밀크씨슬 추출물,간 피로,200400200073426,2026-07-10,제조일로부터 24개월,고유의 향미가 있고 이미·이취가 없는 흐린 노랑색의 장방형 제피정제,"1일 1회, 1회 1정을 충분한 물과 함께 섭취하십시오.","- 어린이, 임산부 및 수유부는 섭취를 피할 것 / - 알레르기 반응이 나타나는 경우에는 섭취 중단 / - 설사, 위통, 복부팽만 등의 위장관계 장애가 나타나는 경우에는 섭취에 주의 / - 이상사례 발생 시 섭취를 중단하고 전문가와 상담할 것 / - 손발 따끔거림, 작열감 또는 저림 등의 이상사례 발생 시 섭취를 중단하고 전문가와 상담할 것","[밀크씨슬추출물] 간 건강에 도움을 줄 수 있음 / [비타민 B1] 탄수화물과 에너지 대사에 필요 / [비타민 B2 / 나이아신] 체내 에너지 생성에 필요 / [비타민 B6] 단백질 및 아미노산 이용에 필요, 혈액의 호모시스테인 수준을 정상으로 유지하는데 필요 / [비타민 B12] 정상적인 엽산 대사에 필요 / [비오틴 / 판토텐산] 지방, 탄수화물, 단백질 대사와 에너지 생성에 필요",https://www.foodsafetykorea.go.kr/portal/healthyfoodlife/searchHomeHFDetail.do?prdlstReportLedgNo=2026021000270356,식품안전나라(foodsafetykorea.go.kr) 건강기능식품 검색
P015,코스빈 밀크씨슬 코엔자임 Q10 (전량수출전용),엘씨엠테크놀러지 주식회사,기능성 원료,코엔자임Q10,피로,202000119121,2026-07-06,제조일로부터24개월,"이미,이취가 없고 고유의 향미가 있는 황갈색의 분말을 함유한 투명한 경질캡슐","1일 1회, 1회 1캡슐을 충분한 물과 함께 섭취하십시오.","(가) 어린이, 임산부 및 수유부는 섭취를 피할 것 / (나) 알레르기 반응이 나타나는 경우에는 섭취 중단 / (다) 설사, 위통, 복부팽만 등의 위장관계 장애가 나타나는 경우에는 섭취에 주의 / (라) 이상사례 발생 시 섭취를 중단하고 전문가와 상담할 것 / (가) 수유부는 섭취를 피할 것 / (나) 항응고제 복용 시 전문가와 상담할 것 / (다) 이상사례 발생 시 섭취를 중단하고 전문가와 상담할 것",① 간 건강에 도움을 줄 수 있음 / / ② 항산화･높은 혈압 감소에 도움을 줄 수 있음,https://www.foodsafetykorea.go.kr/portal/healthyfoodlife/searchHomeHFDetail.do?prdlstReportLedgNo=2026021000261978,식품안전나라(foodsafetykorea.go.kr) 건강기능식품 검색
P016,마이핏 V 코큐텐 코엔자임Q10,(주)한국씨엔에스팜,기능성 원료,코엔자임Q10,피로,200400200073423,2026-07-03,24개월,고유의 향미가 있고 이미·이취가 없는 주황색의 내용물을 함유한 빨간색의 타원형 연질캡슐,"1일 1회, 1회 1캡슐을 충분한 물과 함께 섭취하십시오.",수유부는 섭취를 피할 것 / 항응고제 복용 시 전문가와 상담할 것 / 이상사례 발생 시 섭취를 중단하고 전문가와 상담할 것 / 과량 섭취하지 않도록 주의할 것 / 신장질환이 있는 경우 섭취 전 전문가와 상담할 것,"[코엔자임Q10] 항산화･높은 혈압 감소에 도움을 줄 수 있음 / [비타민B1] 탄수화물과 에너지 대사에 필요 / [비타민B2] 체내 에너지 생성에 필요 / [비타민C] 결합조직 형성과 기능유지에 필요, 철의 흡수에 필요, 항산화 작용을 하여 유해산소로부터 세포를 보호하는데 필요 / [비타민E] 항산화 작용을 하여 유해산소로부터 세포를 보호하는데 필요 / [셀렌] 유해산소로부터 세포를 보호하는데 필요 / [아연] 정상적인 면역기능에 필요, 정상적인 세포분열에 필요 / [엽산] 세포와 혈액생성에 필요, 태아 신경관의 정상 발달에 필요, 혈액의 호모시스테인 수준을 정상으로 유지하는데 필요 /",https://www.foodsafetykorea.go.kr/portal/healthyfoodlife/searchHomeHFDetail.do?prdlstReportLedgNo=2026021000260552,식품안전나라(foodsafetykorea.go.kr) 건강기능식품 검색
P017,광동관절케어글루코사민맥스,광동헬스바이오(주) 2공장,기능성 원료,글루코사민,관절 통증,200400200142178,2026-07-03,제조일로부터 24개월,"고유의 향미가 있고 이미, 이취가 없으며 점박이가 있는 흰색의 장방형 제피정제","1일 1회, 1회 2정을 물과 함께 섭취하십시오.","[글루코사민] / (가) 임산부 및 수유부는 섭취를 피할 것 / (나) 간·심장질환, 수술 전후, 고혈압, 당뇨 및 천식이 있거나 의약품(항응고제 등) 복용 시 전문가와 상담할 것 / (다) 게 또는 새우에 알레르기가 있는 사람은 섭취에 주의할 것(게 또는 새우를 원재료로 사용한 경우) / (라) 이상사례 발생 시 섭취를 중단하고 전문가와 상담할 것 / [비타민C] / (가) 과량 섭취하지 않도록 주의할 것 / (나) 신장질환이 있는 경우 섭취 전 전문가와 상담할 것 / (다) 이상사례 발생 시 섭취를 중단하고 전문가와 상담할 것 / [비타민D] / (가) 고칼슘혈증이 있거나 의약품 복용 시 전문가와 상담할 것 / (나) 이상사례 발생 시 섭취를 중단하고 전문가와 상담할 것 / [비타민B6] / (가) 손발 따끔거림, 작열감 또는 저림 등의 이상사례 발생 시 섭취를 중단하고 전문가와 상담할 것 / [비타민B1] / (가) 이상사례 발생 시 섭취를 중단하고 전문가와 상담할 것",[글루코사민] / (가) 관절 및 연골 건강에 도움을 줄 수 있음 / [비타민C] / (가) 결합조직 형성과 기능유지에 필요 / (나) 철의 흡수에 필요 / (다) 항산화 작용을 하여 유해산소로부터 세포를 보호하는데 필요 / [아연] / (가) 정상적인 면역기능에 필요 / (나) 정상적인 세포분열에 필요 / [비타민D] / (가) 칼슘과 인이 흡수되고 이용되는데 필요 / (나) 뼈의 형성과 유지에 필요 / (다) 골다공증발생 위험 감소에 도움을 줌 / [비타민B6] / (가) 단백질 및 아미노산 이용에 필요 / (나) 혈액의 호모시스테인 수준을 정상으로 유지하는데 필요 / [비타민B1] / (가) 탄수화물과 에너지 대사에 필요,https://www.foodsafetykorea.go.kr/portal/healthyfoodlife/searchHomeHFDetail.do?prdlstReportLedgNo=2026021000260549,식품안전나라(foodsafetykorea.go.kr) 건강기능식품 검색
P018,N-아세틸글루코사민,주식회사 상상바이오,기능성 원료,글루코사민,관절 통증,20200016052409,2026-02-02,제조일로부터 24개월까지,"고유의 향미가 있고 이미, 이취가 없는 하양색의 장방형 제피정제","1일 2회, 1회 1정을 충분한 물과 함께 섭취하십시오.","[NAG] ① 어린이, 임산부 및 수유부는 섭취를 피하십시오. ② 게 또는 새우에 알레르기가 있는 사람은 섭취에 주의하십시오. (게 또는 새우를 원재료로 사용한 경우에 한함) ③ 이상사례 발생 시 섭취를 중단하고 전문가와 상담하십시오.","[NAG] ① 관절 및 연골건강, 피부보습에 도움을 줄 수 있음",https://www.foodsafetykorea.go.kr/portal/healthyfoodlife/searchHomeHFDetail.do?prdlstReportLedgNo=2026021000045514,식품안전나라(foodsafetykorea.go.kr) 건강기능식품 검색
P019,관절 연골 MSM 1500,주식회사 피플리브,기능성 원료,MSM,관절 통증,2025001831029,2026-07-10,제조일로부터 24개월,"고유의 향미가 있고 이미, 이취가 없는 하양색의 장방형 정제","1일 1회, 1회 3정 (1,500mg)을 충분한 물과 함께 섭취","1) 신장질환이 있는 사람은 섭취 전 전문가와 상담하십시오. / 2) 이상사례 발생 시 섭취를 중단하고 전문가와 상담하십시오. / 3) 특이체질, 알레르기 체질의 경우에는 개인에 따라 과민반응이 나타날 수 있으므로 원료를 확인한 후 섭취하십시오. / 4) 용기 안의 실리카겔(방습제)은 절대 드시지 마십시오. / 5) 소비기한을 확인하시고, 섭취량 및 섭취 방법을 준수하시기 바랍니다.",(1) 관절 및 연골건강에 도움을 줄 수 있음,https://www.foodsafetykorea.go.kr/portal/healthyfoodlife/searchHomeHFDetail.do?prdlstReportLedgNo=2026021000271305,식품안전나라(foodsafetykorea.go.kr) 건강기능식품 검색
P020,익수 관절 황진환진액 MSM 2000,농업회사법인(주)케이앤바이오,기능성 원료,MSM,관절 통증,2020000604517,2026-06-26,제조일로부터 24개월,고유의 색택과 향미를 가지며 이미･이취가 없는 갈색의 액상,"1일 1회, 1회 1포(60ml)씩 섭취한다.","1) 신장질환이 있는 사람은 섭취 전 전문가와 상담할 것 / 2) 이상사례 발생 시 섭취를 중단하고 전문가와 상담할 것 / 3) 어린이, 임산부 및 수유부는 섭취를 피할 것 / 4) 게 또는 새우에 알레르기가 있는 사람은 섭취에 주의(*게 또는 새우를 원재료로 사용한 경우에 한함)",([엠에스엠(MSM)]관절 및 연골건강에 도움을 줄 수 있음 / [N-아세틸글루코사민(NAG)]관절 및 연골 건강 ･ 피부보습에 도움을 줄 수 있음 / [칼슘]①뼈와 치아 형성에 필요 ②신경과 근육 기능 유지에 필요 ③정상적인 혈액응고에 필요 / ④골다공증 발생 위험 감소에 도움을 줌,https://www.foodsafetykorea.go.kr/portal/healthyfoodlife/searchHomeHFDetail.do?prdlstReportLedgNo=2026021000249558,식품안전나라(foodsafetykorea.go.kr) 건강기능식품 검색
P021,홍삼농축액 7A73,(주)휴온스엔,기능성 원료,홍삼,면역력 저하,2017278201641,2026-07-09,제조일로부터 36개월,"고유의 향미가 있고 이미, 이취가 없는 흑갈색의 점도가 있는 액상","건강기능식품, 식품에 적당량 사용한다. (건강기능식품 원료로 사용)",(3) 섭취 시 주의사항 / (가)당뇨치료제 및 혈액항응고제 복용 시 섭취에 주의 / (나)알레르기 체질 등은 개인에 따라 과민반응을 나타낼 수 있음 / (다)이상사례 발생 시 섭취를 중단하고 전문가와 상담할 것,"(1)기능성 내용 : 면역력 증진･피로개선･혈소판 응집억제를 통한 혈액흐름･기억력 개선･항산화에 도움을 줄 수 있음 / (2) 일일섭취량 / (가)면역력 증진･피로개선에 도움을 줄 수 있음 : 진세노사이드 Rg1, Rb1 및 Rg3의 합계로서 3~80 mg / (나)혈소판 응집억제를 통한 혈액흐름･기억력 개선･항산화에 도움을 줄 수 있음 : 진세노사이드 Rg1, Rb1 및 Rg3의 합계로서 2.4~80 mg",https://www.foodsafetykorea.go.kr/portal/healthyfoodlife/searchHomeHFDetail.do?prdlstReportLedgNo=2026021000268958,식품안전나라(foodsafetykorea.go.kr) 건강기능식품 검색
P022,홍삼정 리미티드 스틱,(주)서흥헬스케어,기능성 원료,홍삼,면역력 저하,20130020024557,2026-07-09,제조일로부터 18개월,"고유의 향미가 있고 이미, 이취가 없으며 점도가 있는 갈색 또는 갈흑색의 액상","1일 1회, 1회 1포를 섭취하십시오.",(1) 당뇨치료제 및 혈액항응고제 복용 시 섭취에 주의 / (2) 알레르기 체질 등은 개인에 따라 과민반응을 나타낼 수 있음 / (3) 이상사례 발생 시 섭취를 중단하고 전문가와 상담할 것,홍삼 : (1) 면역력 증진·피로개선에 도움을 줄 수 있음 (2) 혈소판 응집억제를 통한 혈액흐름·기억력 개선·항산화에 도움을 줄 수 있음 (3) 갱년기 여성의 건강에 도움을 줄 수 있음,https://www.foodsafetykorea.go.kr/portal/healthyfoodlife/searchHomeHFDetail.do?prdlstReportLedgNo=2026021000268562,식품안전나라(foodsafetykorea.go.kr) 건강기능식품 검색
P023,마시는 마그네슘 영양제,(주)팜텍코리아,무기질,마그네슘,수면,20040015191241,2026-07-10,18개월,"고유의 향미가 있고 이미, 이취가 없는 노랑색의 액상","1일 1회,1회 1병(33 g)을 섭취 하십시오.",(1) 이상사례 발생 시 섭취를 중단하고 전문가와 상담할 것 / / / / (1) 이상사례 발생 시 섭취를 중단하고 전문가와 상담할 것,"(1) 에너지 이용에 필요 / (2) 신경과 근육 기능 유지에 필요 / / (1) 정상적인 면역기능에 필요 / (2) 정상적인 세포분열에 필요 / / (1) 탄수화물과 에너지 대사에 필요 / / (1) 단백질 및 아미노산 이용에 필요 / (2) 혈액의 호모시스테인 수준을 정상으로 유지하는데 필요 / / (1) 체내 에너지 생성에 필요,비타민B1 : 탄수화물과 에너지 대사에 필요 / 비타민B2 : 체내 에너지 생성에 필요 / 비타민B6 : (1) 단백질 및 아미노산 이용에 필요 / (2) 혈액의 호모시스테인 수준을 정상으로 유지하는데 필요 / 아연 : (1) 정상적인 면역기능에 필요 / (2) 정상적인 세포분열에 필요 / 마그네슘 : (1) 에너지 이용에 필요 / (2) 신경과 근육 기능 유지에 필요",https://www.foodsafetykorea.go.kr/portal/healthyfoodlife/searchHomeHFDetail.do?prdlstReportLedgNo=2026021000270183,식품안전나라(foodsafetykorea.go.kr) 건강기능식품 검색
P024,안국건강 하이퍼 액상 마그네슘 에너지샷,(주)그린바이오,무기질,마그네슘,수면,20040017030164,2026-07-10,18개월,"고유의 향미가 있고 이미, 이취가 없는 노란색의 액상","1일 1회, 1포(20ml) 씩 섭취하십시오.",(1) 이상사례 발생 시 섭취를 중단하고 전문가와 상담할 것 / / (1) 이상사례 발생 시 섭취를 중단하고 전문가와 상담할 것,(1) 에너지 이용에 필요 / (2) 신경과 근육 기능 유지에 필요 / / (1) 정상적인 면역기능에 필요 / (2) 정상적인 세포분열에 필요 / / (1) 단백질 및 아미노산 이용에 필요 / (2) 혈액의 호모시스테인 수준을 정상으로 유지하는데 필요 / / (1) 탄수화물과 에너지 대사에 필요 / / (1) 체내 에너지 생성에 필요,https://www.foodsafetykorea.go.kr/portal/healthyfoodlife/searchHomeHFDetail.do?prdlstReportLedgNo=2026021000271102,식품안전나라(foodsafetykorea.go.kr) 건강기능식품 검색
P025,데일리 칼마디&아연,(주)웰레스트,무기질,아연,면역력 저하,20230029284252,2026-07-08,제조일로부터 24개월,"이미, 이취가 없고 고유의 향미가 있는 흰색의 장방형 정제","1일 1회, 1회 2정을 충분한 물과 함께 섭취하십시오.",(가) 고칼슘혈증이 있거나 의약품 복용 시 전문가와 상담할 것 / (나) 이상사례 발생 시 섭취를 중단하고 전문가와 상담할 것 / /,칼슘 (1) 뼈와 치아 형성에 필요 (2) 신경과 근육 기능 유지에 필요 (3) 정상적인 혈액응고에 필요 (4) 골다공증발생 위험 감소에 도움을 줌 / / 마그네슘 (1) 에너지 이용에 필요 (2) 신경과 근육 기능 유지에 필요 / / 비타민D (1) 칼슘과 인이 흡수되고 이용되는데 필요 (2) 뼈의 형성과 유지에 필요 (3) 골다공증발생 위험 감소에 도움을 줌 / / 아연 (1) 정상적인 면역기능에 필요 (2) 정상적인 세포분열에 필요,https://www.foodsafetykorea.go.kr/portal/healthyfoodlife/searchHomeHFDetail.do?prdlstReportLedgNo=2026021000267086,식품안전나라(foodsafetykorea.go.kr) 건강기능식품 검색
P026,셀레늄 아연,코스맥스엔비티(주),무기질,아연,면역력 저하,200700170353233,2026-07-08,제조일로부터 24개월,"고유의 향미가 있고 이미, 이취가 없는 흰 노랑색의 장방형 제피 정제","1일 1회, 1회 1정을 물과 함께 섭취하십시오.",섭취 전 소비기한을 확인 후 섭취하십시오. 또한 소비기한이 경과한 제품은 섭취하지 마십시오. / 섭취량 및 섭취방법을 확인 후 섭취하십시오.,[아연] / 정상적인 면역기능에 필요 / 정상적인 세포분열에 필요 / / [셀레늄(또는 셀렌)] / 유해산소로부터 세포를 보호하는데 필요,https://www.foodsafetykorea.go.kr/portal/healthyfoodlife/searchHomeHFDetail.do?prdlstReportLedgNo=2026021000267621,식품안전나라(foodsafetykorea.go.kr) 건강기능식품 검색
P027,마이크로 리포퍼 철분,주식회사 네추럴웨이 포천 제2공장,무기질,철,빈혈,20190004553485,2026-07-10,제조일로부터 18개월,"고유의 향미가 있고 이미, 이취가 없는 어두운 갈회색의 액상","1일 1회, 1회 1병을 흔들어서 섭취하십시오.",(가) 특히 6세 이하는 과량섭취하지 않도록 주의,"[철] 체내 산소운반과 혈액 생성에 필요, 에너지 생성에 필요",https://www.foodsafetykorea.go.kr/portal/healthyfoodlife/searchHomeHFDetail.do?prdlstReportLedgNo=2026021000270152,식품안전나라(foodsafetykorea.go.kr) 건강기능식품 검색
P028,닥터퀼리 리포좀 철분 플러스,콜마비앤에이치(주)세종3공장,무기질,철,빈혈,20240028080586,2026-07-08,제조일로부터 24개월,"고유의 향미가 있고 이미, 이취가 없는 흰노란색의 분말","1일 1회, 1회 1포를 직접 섭취하십시오.","- 특이체질, 알레르기 체질의 경우에는 간혹 개인에 따라 과민반응을 나타낼 수 있으므로 원료를 확인한 후 섭취할 것 / - 손발 따끔거림, 작열감 또는 저림 등의 이상사례 발생 시 섭취를 중단하고 전문가와 상담할 것 / - 이상사례 발생 시 섭취를 중단하고 전문가와 상담할 것 / - 특히 6세 이하는 과량섭취하지 않도록 주의","- 비타민 B6 : 단백질 및 아미노산 이용에 필요, 혈액의 호모시스테인 수준을 정상으로 유지하는데 필요 / - 비타민 B12 : 정상적인 엽산 대사에 필요 / - 엽산 : 세포와 혈액생성에 필요, 태아 신경관의 정상 발달에 필요, 혈액의 호모시스테인 수준을 정상으로 유지하는데 필요 / - 철 : 체내 산소운반과 혈액생성에 필요, 에너지 생성에 필요",https://www.foodsafetykorea.go.kr/portal/healthyfoodlife/searchHomeHFDetail.do?prdlstReportLedgNo=2026021000267639,식품안전나라(foodsafetykorea.go.kr) 건강기능식품 검색
P029,라케어 액상 칼슘(Lacare Liquid Calcium),코스맥스엔비티(주),무기질,칼슘,골다공증,200700170353236,2026-07-09,제조일로부터 18개월,"고유의 향미가 있고 이미, 이취가 없는 연한 갈색 또는 연한 황갈색 액상","1일 1회, 1회 1포(18ml)를 흔들어 섭취하십시오.","[비타민 D] / 고칼슘혈증이 있거나 의약품 복용 시 전문가와 상담할 것 / 이상사례 발생 시 섭취를 중단하고 전문가와 상담할 것 / / [비타민 K] / 항응고제 등 복용 시 전문가와 상담할 것 / 이상사례 발생 시 섭취를 중단하고 전문가와 상담할 것 / / 1. 소비기한을 확인 후 섭취하시기 바라며, 섭취량 및 섭취방법을 준수하시기 바랍니다. / 2. 임산부, 수유부, 특이체질, 알레르기 체질이신 경우 성분을 확인 후 섭취하십시오. / 3. 침전물이 생기는 경우가 있으나 제품의 품질 및 기능에는 이상이 없으니, 섭취 전 충분히 흔들어 섭취 바랍니다. / 4. 제품 개봉 후에는 변질될 수 있으니 가급적 빨리 섭취하시기 바랍니다. / 5. 제품 개봉 및 섭취 시 절단면에 상해를 입을 수 있으니 주의하십시오.",[비타민 D] / 칼슘과 인이 흡수되고 이용되는데 필요 / 뼈의 형성과 유지에 필요 / 골다공증발생 위험 감소에 도움을 줌 / / [비타민 K] / 정상적인 혈액응고에 필요 / 뼈의 구성에 필요 / / [칼슘] / 뼈와 치아 형성에 필요 / 신경과 근육 기능 유지에 필요 / 정상적인 혈액응고에 필요 / 골다공증발생 위험 감소에 도움을 줌,https://www.foodsafetykorea.go.kr/portal/healthyfoodlife/searchHomeHFDetail.do?prdlstReportLedgNo=2026021000269388,식품안전나라(foodsafetykorea.go.kr) 건강기능식품 검색
P030,더칼슘디키즈젤리,코스맥스바이오(주),무기질,칼슘,골다공증,200400200024099,2026-07-02,제조일로부터 18개월.,"고유의 향미가 있고 이미, 이취가 없는 흰색의 젤리","1일 1회, 1회 1포(20g)를 씹어서 섭취하십시오.","섭취 시 위장장애, 소화불량의 증상이 있을 경우 섭취를 중단하십시오. / 개인의 신체 상태에 따라 이상 증상이 생길 경우 섭취를 중단하십시오. / 섭취 전 제품에 이상이 있는 경우 섭취를 금하십시오. / 특정 원료 성분에 알레르기 체질은 원료 성분을 확인 후 섭취하십시오. / 제품 개봉 시 포장재에 의해 상처를 입을 위험이 있고, 개봉 시 내용물이 흘러나올 수 있으므로 취급 시 주의하십시오. / 고칼슘혈증이 있거나 의약품 복용 시 전문가와 상담하십시오. / 항응고제 등 복용 시 전문가와 상담하십시오. / 이상사례 발생 시 섭취를 중단하고 전문가와 상담하십시오.","1) 비타민D : 칼슘과 인이 흡수되고 이용되는데 필요, 뼈의 형성과 유지에 필요, 골다공증 발생 위험 감소에 도움을 줌. / 2) 비타민K : 정상적인 혈액응고에 필요, 뼈의 구성에 필요. / 3) 칼슘 : 뼈와 치아 형성에 필요, 신경과 근육 기능 유지에 필요, 정상적인 혈액응고에 필요, 골다공증 발생 위험 감소에 도움을 줌. / 4) 마그네슘 : 에너지 이용에 필요, 신경과 근육 기능 유지에 필요. / 5) 망간 : 뼈 형성에 필요, 에너지 이용에 필요, 유해산소로부터 세포를 보호하는데 필요.",https://www.foodsafetykorea.go.kr/portal/healthyfoodlife/searchHomeHFDetail.do?prdlstReportLedgNo=2026021000259211,식품안전나라(foodsafetykorea.go.kr) 건강기능식품 검색
P031,임신은 처음이라 활성형 엽산 800,주식회사한미양행,비타민,엽산,빈혈,200400150832542,2026-06-30,제조일로부터 24개월까지,"고유의 향미를 지니고 이미, 이취가 없는 점박이가 있는 흐린 노란 주황색 또는 연한 노란 분홍색의 장방형 제피정제","1일 1회, 1회 1정을 충분한 물과 함께 섭취.","알레르기 체질이신 경우 성분을 확인 한 후 섭취하시기 바랍니다. / [비타민D] / (가) 고칼슘혈증이 있거나 의약품 복용 시 전문가와 상담할 것 / (나) 이상사례 발생 시 섭취를 중단하고 전문가와 상담할 것 / [비타민B1] / 이상사례 발생 시 섭취를 중단하고 전문가와 상담할 것 / [비타민B2] / 이상사례 발생 시 섭취를 중단하고 전문가와 상담할 것 / [비타민B6] / 손발 따끔거림, 작열감 또는 저림 등의 이상사례 발생 시 섭취를 중단하고 전문가와 상담할 것 / [비타민B12] / 이상사례 발생 시 섭취를 중단하고 전문가와 상담할 것",[비타민D] / (가) 칼슘과 인이 흡수되고 이용되는데 필요 / (나) 뼈의 형성과 유지에 필요 / (다) 골다공증발생 위험 감소에 도움을 줌 / [비타민B1] / 탄수화물과 에너지 대사에 필요 / [비타민B2] / 체내 에너지 생성에 필요 / [비타민B6] / (가) 단백질 및 아미노산 이용에 필요 / (나) 혈액의 호모시스테인 수준을 정상으로 유지하는데 필요 / [엽산] / (가) 세포와 혈액생성에 필요 / (나) 태아 신경관의 정상 발달에 필요 / (다) 혈액의 호모시스테인 수준을 정상으로 유지하는데 필요 / [비타민B12] / 정상적인 엽산 대사에 필요 / [아연] / (가) 정상적인 면역기능에 필요 / (나) 정상적인 세포분열에 필요,https://www.foodsafetykorea.go.kr/portal/healthyfoodlife/searchHomeHFDetail.do?prdlstReportLedgNo=2026021000255027,식품안전나라(foodsafetykorea.go.kr) 건강기능식품 검색
P032,활성엽산 800+ 미니,주식회사한미양행,비타민,엽산,빈혈,200400150832541,2026-06-26,제조일로부터 24개월까지,"고유의 향미를 지니고 이미, 이취가 없는 점박이가 있는 밝은 노란 주황색 또는 진한 노란색의 원형 제피 정제","1일 1회, 1회 1정을 충분한 물과 함께 섭취.","알레르기 체질이신 경우 성분을 확인 한 후 섭취하시기 바랍니다. / [비타민D] / (가) 고칼슘혈증이 있거나 의약품 복용 시 전문가와 상담할 것 / (나) 이상사례 발생 시 섭취를 중단하고 전문가와 상담할 것 / [비타민B1] / 이상사례 발생 시 섭취를 중단하고 전문가와 상담할 것 / [비타민B2] / 이상사례 발생 시 섭취를 중단하고 전문가와 상담할 것 / [비타민B6] / 손발 따끔거림, 작열감 또는 저림 등의 이상사례 발생 시 섭취를 중단하고 전문가와 상담할 것 / [비타민B12] / 이상사례 발생 시 섭취를 중단하고 전문가와 상담할 것",[비타민D] / (가) 칼슘과 인이 흡수되고 이용되는데 필요 / (나) 뼈의 형성과 유지에 필요 / (다) 골다공증 발생 위험 감소에 도움을 줌 / [비타민B1] / 탄수화물과 에너지 대사에 필요 / [비타민B2] / 체내 에너지 생성에 필요 / [비타민B6] / (가) 단백질 및 아미노산 이용에 필요 / (나) 혈액의 호모시스테인 수준을 정상으로 유지하는데 필요 / [엽산] / (가) 세포와 혈액생성에 필요 / (나) 태아 신경관의 정상 발달에 필요 / (다) 혈액의 호모시스테인 수준을 정상으로 유지하는데 필요 / [비타민B12] / 정상적인 엽산 대사에 필요 / [아연] / (가) 정상적인 면역기능에 필요 / (나) 정상적인 세포분열에 필요 / [요오드] / (가) 갑상선 호르몬의 합성에 필요 / (나) 에너지 생성에 필요 / (다) 신경발달에 필요,https://www.foodsafetykorea.go.kr/portal/healthyfoodlife/searchHomeHFDetail.do?prdlstReportLedgNo=2026021000249972,식품안전나라(foodsafetykorea.go.kr) 건강기능식품 검색
P033,프라임 비오틴 10000,주식회사 코스팜,비타민,비오틴,피로,20172880236455,2026-07-08,제조일로부터 24개월,"고유의 향미가 있고 이미, 이취가 없는 점박이가 있는 흰색의 원형 제피정제","1일 1회, 1회 1정을 물과 함께 섭취하십시오.","1) 손발 따끔거림, 작열감 또는 저림 등의 이상사례 발생 시 섭취를 중단하고 전문가와 상담하시기 바랍니다. / 2) 이상사례 발생 시 섭취를 중단하고 전문가와 상담하시기 바랍니다.","[비오틴] / 1) 지방, 탄수화물, 단백질 대사와 에너지 생성에 필요 / / [판토텐산] / 1) 지방, 탄수화물, 단백질 대사와 에너지 생성에 필요 / / [비타민B6] / 1) 단백질 및 아미노산 이용에 필요 / 2) 혈액의 호모시스테인 수준을 정상으로 유지하는데 필요",https://www.foodsafetykorea.go.kr/portal/healthyfoodlife/searchHomeHFDetail.do?prdlstReportLedgNo=2026021000266346,식품안전나라(foodsafetykorea.go.kr) 건강기능식품 검색
P034,데일리 비오틴10000,(주)웰레스트,비타민,비오틴,피로,20230029284248,2026-07-02,제조일로부터 24개월,"고유의 향미를 가지고 이미, 이취가 없는 노란 회색의 타원형 제피정제","1일1회, 1회 1정을 충분한 물과 함께 섭취하십시오.",(1) 이상사례 발생 시 섭취를 중단하고 전문가와 상담할 것,"비오틴 (1) 지방, 탄수화물, 단백질 대사와 에너지 생성에 필요 / / 판토텐산 (1) 지방, 탄수화물, 단백질 대사와 에너지 생성에 필요",https://www.foodsafetykorea.go.kr/portal/healthyfoodlife/searchHomeHFDetail.do?prdlstReportLedgNo=2026021000259637,식품안전나라(foodsafetykorea.go.kr) 건강기능식품 검색
P035,스트레스 케어 테아닌 플러스,(주)팜투팜2공장,기능성 원료,테아닌,스트레스,20180003915217,2026-06-23,제조일로부터 24개월,"고유의 향미가 있고, 이미, 이취가 없는 회황색 분말을 함유한 갈색의 경질캡슐","1일 1회, 1회 1캡슐을 물과 함께 섭취하십시오.",1) 임산부 및 수유부는 섭취를 피할 것 / 2) 카페인 함유음료(커피 홍차 녹차 등)와의 병용 섭취에 주의할 것 / 3) 수술전후 환자는 전문가와 상담할 것 / 4) 이상사례 발생 시 섭취를 중단하고 전문가와 상담할 것,(1) 스트레스로 인한 긴장완화에 도움을 줄 수 있음,https://www.foodsafetykorea.go.kr/portal/healthyfoodlife/searchHomeHFDetail.do?prdlstReportLedgNo=2026021000243374,식품안전나라(foodsafetykorea.go.kr) 건강기능식품 검색
P036,유한 갱년기 · 스트레스 케어엔 탑 백수오 플러스 테아닌,(주)서흥,기능성 원료,테아닌,스트레스,200400200062200,2026-06-17,제조일로부터 24개월,"고유의 향미가 있고 이미, 이취가 없으며 점박이가 있는 회황색 또는 노란 회색의 장방형 제피정제","1일 1회, 1회 2정을 충분한 물과 함께 섭취하십시오.","(1) 임산부 및 수유부는 섭취를 피할 것 / (2) 항응고제, 항혈전제 등 복용 시 전문가와 상담할 것 / (3) 알레르기 체질 등은 개인에 따라 과민반응을 나타낼 수 있음 / (4) 이상사례 발생 시 섭취를 중단하고 전문가와 상담할 것 / (5) 카페인 함유음료(커피, 홍차, 녹차 등)와의 병용 섭취에 주의할 것 / (6) 수술전후 환자는 전문가와 상담할 것 / (7) 고칼슘혈증이 있거나 의약품 복용 시 전문가와 상담할 것",백수오 등 복합추출물(제2010-20호) : (국문) 갱년기 여성 건강에 도움을 줄 수 있음 (영문) May help to menopausal women’s health / 테아닌 : 스트레스로 인한 긴장완화에 도움을 줄 수 있음 / 비타민D : (1) 칼슘과 인이 흡수되고 이용되는데 필요 (2) 뼈의 형성과 유지에 필요 (3) 골다공증 발생 위험 감소에 도움을 줌,https://www.foodsafetykorea.go.kr/portal/healthyfoodlife/searchHomeHFDetail.do?prdlstReportLedgNo=2026021000234761,식품안전나라(foodsafetykorea.go.kr) 건강기능식품 검색
P037,다이어트 가르시니아,(주)바이오 로제트,기능성 원료,가르시니아 캄보지아 추출물,다이어트,20040017015481,2026-06-08,제조일로부터 24개월까지,"이미, 이취가 없고 고유의 향미가 있는 회황색의 장방형 정제","1일 1회, 1회 3정을 충분한 물과 함께 섭취하십시오.","1) 어린이, 임산부 및 수유부는 섭취를 피하십시오. / 2) 간･신장･심장질환, 알레르기 및 천식이 있거나 의약품 복용 시 전문가와 상담하십시오. / 3) 남성의 경우 과다 섭취를 피하십시오. / 4) 이상사례 발생 시 섭취를 중단하고 전문가와 상담하십시오. / 5) 드물게 간에 해를 끼칠 수 있으며, 섭취기간 중 알코올 섭취를 피하십시오. / 6) 체지방 감소 기능성의 건강기능식품과 함께 섭취를 피하십시오. / 7) 특이체질, 알레르기 체질이신 분은 성분을 확인한 후 섭취하십시오. / 8) 용기 안에 들어있는 실리카겔(방습제)은 섭취하지 마십시오.",(1) 탄수화물이 지방으로 합성되는 것을 억제하여 체지방 감소에 도움을 줄 수 있음,https://www.foodsafetykorea.go.kr/portal/healthyfoodlife/searchHomeHFDetail.do?prdlstReportLedgNo=2026021000220076,식품안전나라(foodsafetykorea.go.kr) 건강기능식품 검색
P038,가르시니아 하루비움 LAB,주식회사 네추럴웨이 포천 제2공장,기능성 원료,가르시니아 캄보지아 추출물,다이어트,20190004553472,2026-06-05,제조일로부터 18개월,"고유의 향미가 있고 이미, 이취가 없는 어두운 갈색의 액상","1일 1회, 1회 1병을 섭취하십시오.","(가) 어린이, 임산부 및 수유부는 섭취를 피할 것 / (나) 간･신장･심장질환, 알레르기 및 천식이 있거나 의약품 복용 시 전문가와 상담할 것 / (다) 남성의 경우 과다 섭취를 피할 것 / (라) 이상사례 발생 시 섭취를 중단하고 전문가와 상담할 것",[난소화성말토덱스트린] 식후 혈당상승 억제·배변활동 원활에 도움을 줄 수 있음 / [가르시니아캄보지아 추출물] 탄수화물이 지방으로 합성되는 것을 억제하여 체지방 감소에 도움을 줄 수 있음,https://www.foodsafetykorea.go.kr/portal/healthyfoodlife/searchHomeHFDetail.do?prdlstReportLedgNo=2026021000219006,식품안전나라(foodsafetykorea.go.kr) 건강기능식품 검색
P039,기억력·혈행 은행잎 징코,주식회사한미양행,기능성 원료,은행잎 추출물,기억력 저하,200400150832545,2026-06-30,제조일로부터 24개월까지,"고유의 향미를 지니고 이미, 이취가 없는 점박이가 있는 회황색 또는 탁한 노란 연두색의 장방형 제피정제","1일 1회, 1회 1정을 충분한 물과 함께 섭취.","알레르기 체질이신 경우 성분을 확인 한 후 섭취하시기 바랍니다. / [은행잎 추출물] / (가) 어린이, 임산부 및 수유부는 섭취를 피할 것 / (나) 수술 전후, 의약품(항응고제) 복용 시 전문가와 상담할 것 / (다) 이상사례 발생 시 섭취를 중단하고 전문가와 상담할 것 / [비타민B1] / 이상사례 발생 시 섭취를 중단하고 전문가와 상담할 것 / [비타민B2] / 이상사례 발생 시 섭취를 중단하고 전문가와 상담할 것 / [비타민B6] / 손발 따끔거림, 작열감 또는 저림 등의 이상사례 발생 시 섭취를 중단하고 전문가와 상담할 것",[은행잎 추출물] / 기억력 개선･혈행 개선에 도움을 줄 수 있음 / [비타민B1] / 탄수화물과 에너지 대사에 필요 / [비타민B2] / 체내 에너지 생성에 필요 / [비타민B6] / (가) 단백질 및 아미노산 이용에 필요 / (나) 혈액의 호모시스테인 수준을 정상으로 유지하는데 필요 / [아연] / (가) 정상적인 면역기능에 필요 / (나) 정상적인 세포분열에 필요 / [셀레늄] / 유해산소로부터 세포를 보호하는데 필요,https://www.foodsafetykorea.go.kr/portal/healthyfoodlife/searchHomeHFDetail.do?prdlstReportLedgNo=2026021000255055,식품안전나라(foodsafetykorea.go.kr) 건강기능식품 검색
P040,기억력 개선 혈행 개선엔 은행잎 징코,주식회사 에이원바이옴,기능성 원료,은행잎 추출물,기억력 저하,2022001722034,2026-05-12,제조일로부터 24개월,고유의 향미가 있고 이미·이취가 없는 회황색 장방형 제피 정제,"1일 1회, 1회 1정을 물과 함께 섭취하십시오.","어린이, 임산부 및 수유부는 섭취를 피할 것 / 수술 전후, 의약품 항응고제 복용 시 전문가와 상담할 것 / 이상사례 발생 시 섭취를 중단하고 전문가와 상담할 것",[은행잎추출물] / 기억력 개선 ･ 혈행 개선에 도움을 줄 수 있음 / [비타민E] / 항산화 작용을 하여 유해산소로부터 세포를 보호하는데 필요 / [아연] / 정상적인 면역기능에 필요 / 정상적인 세포분열에 필요,https://www.foodsafetykorea.go.kr/portal/healthyfoodlife/searchHomeHFDetail.do?prdlstReportLedgNo=2026021000184112,식품안전나라(foodsafetykorea.go.kr) 건강기능식품 검색
P041,동국 쏘팔메토 옥타코사놀,(주)한국씨엔에스팜,기능성 원료,쏘팔메토 열매 추출물,배뇨,200400200073417,2026-06-15,제조일로부터 24개월까지,"고유의 향미가 있고 이미, 이취가 없는 흐린 노랑 주황색의 점도가 있는 내용물을 함유한 적갈색의 타원형 연질캡슐","1일 1회, 1회 1캡슐을 충분한 물과 함께 섭취하십시오.","· 성인남성만 섭취하시기 바랍니다. / · 수술 전후, 출혈성 질환이 있거나 항응고제 등 복용 시 전문가와 상담하시기 바랍니다. / · 알레르기 체질 등은 개인에 따라 과민반응을 나타낼 수 있습니다. / · 메스꺼움 등 소화계통의 불편함과 설사를 유발할 수 있으니 식사 후 섭취하시기 바랍니다. / · 이상사례 발생 시 섭취를 중단하고 전문가와 상담하시기 바랍니다. / · 어린이, 임산부 및 수유부는 섭취를 피하시기 바랍니다. /","[쏘팔메토 열매 추출물] 전립선 건강의 유지에 도움을 줄 수 있음 / [옥타코사놀 함유 유지] 지구력 증진에 도움을 줄 수 있음 / [아연] 정상적인 면역기능에 필요, 정상적인 세포분열에 필요 / [망간] 뼈 형성에 필요, 에너지 이용에 필요, 유해산소로부터 세포를 보호하는데 필요",https://www.foodsafetykorea.go.kr/portal/healthyfoodlife/searchHomeHFDetail.do?prdlstReportLedgNo=2026021000231447,식품안전나라(foodsafetykorea.go.kr) 건강기능식품 검색
P042,포맨 전립선건강 눈건강 쏘팔메토 옥타코사놀 루테인,광동헬스바이오(주) 2공장,기능성 원료,쏘팔메토 열매 추출물,배뇨,200400200142162,2026-05-29,제조일로부터 24개월,"고유의 향미가 있고 이미, 이취가 없으며 빨간 주황색의 점도가 있는 내용물을 함유한 검정색의 장방형 연질캡슐","1일 1회, 1회 1캡슐을 물과 함께 섭취하십시오.","[쏘팔메토열매추출물] / (1) 성인남성만 섭취할 것 / (2) 수술 전후, 출혈성 질환이 있거나 항응고제 등 복용 시 전문가와 상담할 것 / (3) 알레르기 체질 등은 개인에 따라 과민반응을 나타낼 수 있음 / (4) 메스꺼움 등 소화계통의 불편함과 설사를 유발할 수 있으니 식사 후 섭취할 것 / (5) 이상사례 발생 시 섭취를 중단하고 전문가와 상담할 것 / [마리골드꽃추출물] / (1) 영‧유아, 어린이, 임산부 및 수유부는 섭취를 피할 것 / (2) 흡연자는 섭취 시 전문가와 상담할 것 / (3) 과다 섭취 시 일시적으로 피부가 황색으로 변할 수 있음 / (4) 이상사례 발생 시 섭취를 중단하고 전문가와 상담할 것 / [옥타코사놀 함유 유지] / (1) 어린이, 임산부 및 수유부는 섭취를 피할 것 / (2) 이상사례 발생 시 섭취를 중단하고 전문가와 상담할 것 / [비타민D] / (1) 고칼슘혈증이 있거나 의약품 복용 시 전문가와 상담할 것 / (2) 이상사례 발생 시 섭취를 중단하고 전문가와 상담할 것 / [비타민B2] / (1) 이상사례 발생 시 섭취를 중단하고 전문가와 상담할 것",[쏘팔메토열매추출물] / (1) 전립선 건강의 유지에 도움을 줄 수 있음 / [마리골드꽃추출물] / (1) 노화로 인해 감소될 수 있는 황반색소밀도를 유지하여 눈 건강에 도움을 줄 수 있음 / [옥타코사놀 함유 유지] / (1) 지구력 증진에 도움을 줄 수 있음 / [비타민A] / (1) 어두운 곳에서 시각 적응을 위해 필요 / (2) 피부와 점막을 형성하고 기능을 유지하는데 필요 / (3) 상피세포의 성장과 발달에 필요 / [비타민D] / (1) 칼슘과 인이 흡수되고 이용되는데 필요 / (2) 뼈의 형성과 유지에 필요 / (3) 골다공증발생 위험 감소에 도움을 줌 / [비타민E] / (1) 항산화 작용을 하여 유해산소로부터 세포를 보호하는데 필요 / [비타민B2] / (1) 체내 에너지 생성에 필요 / [아연] / (1) 정상적인 면역기능에 필요 / (2) 정상적인 세포분열에 필요,https://www.foodsafetykorea.go.kr/portal/healthyfoodlife/searchHomeHFDetail.do?prdlstReportLedgNo=2026021000209784,식품안전나라(foodsafetykorea.go.kr) 건강기능식품 검색
P043,매일 가벼운 차전자피 식이섬유 환,주식회사한미양행,기능성 원료,차전자피 식이섬유,변비,200400150832548,2026-07-09,제조일로부터 24개월까지,"고유의 향미를 지니고 이미, 이취가 없는 흐린 황갈색의 환","1일 2회, 1회 1포를 충분한 물과 함께 섭취.",알레르기 체질이신 경우 성분을 확인 한 후 섭취하시기 바랍니다. / [차전자피식이섬유] / (가) 반드시 충분한 물과 함께 섭취할 것(액상제외) / (나) 이상사례 발생 시 섭취를 중단하고 전문가와 상담할 것,[차전자피식이섬유] / (가) 혈중 콜레스테롤 개선에 도움을 줄 수 있음 / (나) 배변활동 원활에 도움을 줄 수 있음,https://www.foodsafetykorea.go.kr/portal/healthyfoodlife/searchHomeHFDetail.do?prdlstReportLedgNo=2026021000268330,식품안전나라(foodsafetykorea.go.kr) 건강기능식품 검색
P044,바트랩스 차전자피 식이섬유 환,주식회사 바이오360,기능성 원료,차전자피 식이섬유,변비,2020001620276,2026-06-29,제조일로부터 24개월,"고유의 향미가 있고 이미, 이취가 없는 갈색의 환","1일 2회, 1회 1포를 충분한 물과 함께 섭취하십시오.",(1) 반드시 충분한 물과 함께 섭취하십시오.(액상제외) / (2) 이상사례 발생 시 섭취를 중단하고 전문가와 상담하십시오.,혈중 콜레스테롤 개선･배변활동 원활에 도움을 줄 수 있음,https://www.foodsafetykorea.go.kr/portal/healthyfoodlife/searchHomeHFDetail.do?prdlstReportLedgNo=2026021000252801,식품안전나라(foodsafetykorea.go.kr) 건강기능식품 검색
